Day,Prompt
01,What does an 'abundant life' look like to you?
02,List three things in your life that are already abundant.
03,What is one limiting belief about money or success you want to release?
04,How do you celebrate the success of others?
05,What does 'receiving' feel like to you?
06,What is one thing you want to attract into your life this month?
07,How can you share your abundance with others?
08,What are three talents you have that can create value for others?
09,Reflect on a time you felt truly prosperous.
10,What does 'wealth' mean to you beyond money?
11,How do you maintain a mindset of gratitude even when things are tight?
12,What is one small way you can start giving back today?
13,How do you feel when you invest in your own growth?
14,What is one thing you are ready to manifest?
15,How can you clear space for new opportunities?
16,What is one thing that makes you feel rich in spirit?
17,How do you handle jealousy when others succeed?
18,What are three things you are currently 'rich' in?
19,How can you be more generous with your time and energy?
20,What is one thing you’ve been afraid to ask for?
21,How do you view failure in the context of growth and abundance?
22,What does 'freedom' mean in your life?
23,What are three ways you can show yourself you deserve abundance?
24,Reflect on a time you stepped into an opportunity with confidence.
25,What is one habit that makes you feel successful?
26,How do you align your actions with your desires?
27,What is one thing you can do to be more visible in your work?
28,How do you handle a 'no' when pursuing your goals?
29,What is one thing you are grateful for that you attracted?
30,Write a vision for your life one year from now.
